{
  "name": "LED Blink (Hello World)",
  "components": [
    "mcu-arduino-uno-r3",
    "led-5mm-assortment",
    "resistor-assortment"
  ],
  "total_current_ma": 65,
  "power_source": "usb",
  "connections": [
    {
      "from": {
        "component": "arduino-uno",
        "pin": "D13"
      },
      "to": {
        "component": "resistor-220ohm",
        "pin": "1"
      },
      "wire": "yellow"
    },
    {
      "from": {
        "component": "resistor-220ohm",
        "pin": "2"
      },
      "to": {
        "component": "led-red",
        "pin": "anode"
      },
      "wire": "yellow"
    },
    {
      "from": {
        "component": "led-red",
        "pin": "cathode"
      },
      "to": {
        "component": "arduino-uno",
        "pin": "GND"
      },
      "wire": "black"
    }
  ],
  "notes": "Verified working. 220\u03a9 gives ~13mA through LED."
}